bkb,5,
bue,5,
26m,5,
29a,5,
299,5,
2r2,5,
2r7,5,
2r9,5,
2re,5,
762,5,
6ih,5,
2se,5,
4z9,5,
6k9,8,
6il,5,
gst,5,
v6y,9,
b52,9,
28k,9,
206,9,
2qs,9,
2r4,9,
sph,9,
2yz,9,
50e,9,
k2k,9,
uyz,9,
3w7,9,
3wo,9,
50i,9,
511,9,
mcz,11,
mg4,9,
762,12,relisten
b5w,12,relisten
ai8,12,relisten
blu,12,relisten
2nl,12,relisten
2qr,12,relisten
o62,12,relisten
,,
50p,12,relisten
b0f,12,relisten
mht,10,relisten
11le,12,relisten
323,12,
3yc,12,
loh,14,relisten
1oh,14,relisten
md0,12,
50x,12,
9wc,12,
md4,12,
500,10,
20b,12,
mhz,12,
md6,12,
is7,12,
6k8,12,
w70,10,
3uv,12,
9w8,12,
ipj,15,relisten
,,
,,
392,12,
3ot,12,
ums,12,
img,12,
avr,12,
loq,12,
9su,12,
awc,9,
p5s,9,
